name,parent_facility,clinic,district
Namboya,Bangwe Health Centre,yes,Blantyre
Nachamba,Bangwe Health Centre,yes,Blantyre
William,Bangwe Health Centre,yes,Blantyre
Chiswe 1,Bangwe Health Centre,yes,Blantyre
Mphati,Chabvala Health Centre,yes,Blantyre
Kalonga,Chabvala Health Centre,yes,Blantyre
Chilibwalo,Chabvala Health Centre,yes,Blantyre
Kabuluzi,Chabvala Health Centre,yes,Blantyre
Mbiyao,Chabvala Health Centre,yes,Blantyre
Jumbe,Chikowa Health Centre,yes,Blantyre
Twaya,Chikowa Health Centre,yes,Blantyre
Rhoda,Chikowa Health Centre,yes,Blantyre
Mapondera,Chikowa Health Centre,yes,Blantyre
Ngoleka,Chikowa Health Centre,yes,Blantyre
Mpatamanga,Chikowa Health Centre,yes,Blantyre
Gumeni,Chikowa Health Centre,yes,Blantyre
Chazemba,Chikowa Health Centre,yes,Blantyre
Kaliati,Chikowa Health Centre,yes,Blantyre
Mayera,Chileka Health Centre,yes,Blantyre
Pambaza,Chileka Health Centre,yes,Blantyre
Kamwetsa,Chileka SDA,yes,Blantyre
Kalombola,Chileka SDA,yes,Blantyre
Manjere,Chileka SDA,yes,Blantyre
Thanganyika,Chileka SDA,yes,Blantyre
Kammata,Chileka SDA,yes,Blantyre
Mambo,Chileka SDA,yes,Blantyre
Kantimbiza,Chileka SDA,yes,Blantyre
Jeweta,Chilomoni Health Centre,yes,Blantyre
Chitakale,Chilomoni Health Centre,yes,Blantyre
Mulunguzi Ground,Chilomoni Health Centre,yes,Blantyre
Jumbe,Chimembe Health Centre,yes,Blantyre
Makanjira,Chimembe Health Centre,yes,Blantyre
Chamba,Chimembe Health Centre,yes,Blantyre
Mlanga,Dziwe Health Centre,yes,Blantyre
Nseula,Dziwe Health Centre,yes,Blantyre
Katchakhwala,Dziwe Health Centre,yes,Blantyre
Chikanda,Dziwe Health Centre,yes,Blantyre
Chigonawaya,Dziwe Health Centre,yes,Blantyre
Mzigala,Dziwe Health Centre,yes,Blantyre
Kesinala,Dziwe Health Centre,yes,Blantyre
Wilson,Dziwe Health Centre,yes,Blantyre
Nkolesya,Kadidi Health Centre,yes,Blantyre
Namaru,Limbe Health Centre,yes,Blantyre
Sukari,Limbe Health Centre,yes,Blantyre
Mkenje,Limbe Health Centre,yes,Blantyre
Nyaka,Limbe Health Centre,yes,Blantyre
Bandawe,Limbe Health Centre,yes,Blantyre
Chiwaya,Limbe Health Centre,yes,Blantyre
Kholowa,Limbe Health Centre,yes,Blantyre
Mangomba,Limbe Health Centre,yes,Blantyre
Matalala,Limbe Health Centre,yes,Blantyre
Kandiwo,Lirangwe Health Centre,yes,Blantyre
Issa,Lirangwe Health Centre,yes,Blantyre
MPENDA,Lirangwe Health Centre,yes,Blantyre
JAMALI clinic,Lirangwe Health Centre,yes,Blantyre
CHIGODI clinic,Lirangwe Health Centre,yes,Blantyre
CHANDE clinic,Lirangwe Health Centre,yes,Blantyre
Mtusa,Lundu Health Centre,yes,Blantyre
Mlangeni,Lundu Health Centre,yes,Blantyre
Pindani,Lundu Health Centre,yes,Blantyre
Bota,Lundu Health Centre,yes,Blantyre
Chibweya,Lundu Health Centre,yes,Blantyre
Ngwaya,Lundu Health Centre,yes,Blantyre
Keyala,Lundu Health Centre,yes,Blantyre
William,Lundu Health Centre,yes,Blantyre
Semu,Lundu Health Centre,yes,Blantyre
Zonsezi,Madziabango Health Centre,yes,Blantyre
Kantimbanya2,Madziabango Health Centre,yes,Blantyre
Chasemphana,Madziabango Health Centre,yes,Blantyre
Katsalabande2,Madziabango Health Centre,yes,Blantyre
Kanyola,Madziabango Health Centre,yes,Blantyre
Kakodwa village,Madziabango Health Centre,yes,Blantyre
Chikalema,Madziabango Health Centre,yes,Blantyre
Chakwiya,Makata Health Centre,yes,Blantyre
Ngongomwa,Makata Health Centre,yes,Blantyre
Mkwate,Makata Health Centre,yes,Blantyre
Raph Maunde,Makata Health Centre,yes,Blantyre
Chimtengo,Makata Health Centre,yes,Blantyre
Namwalisiyo,Makata Health Centre,yes,Blantyre
Kambiri,Makata Health Centre,yes,Blantyre
Mgambo,Makata Health Centre,yes,Blantyre
Gomani,Makata Health Centre,yes,Blantyre
William,Makata Health Centre,yes,Blantyre
MKWATE,Makhetha,yes,Blantyre
NZEDI,Makhetha,yes,Blantyre
KACHERE ANDREW,Makhetha,yes,Blantyre
NGWAYA,Mdeka Health Centre,yes,Blantyre
CHIBWEYA,Mdeka Health Centre,yes,Blantyre
MPANDA,Mdeka Health Centre,yes,Blantyre
NAMALONDWE,Mdeka Health Centre,yes,Blantyre
MASULANI,Mdeka Health Centre,yes,Blantyre
BALAZA,Mdeka Health Centre,yes,Blantyre
MASINDE,Mdeka Health Centre,yes,Blantyre
Khweleniya,Mlambe Mission Hospital,yes,Blantyre
Maleule,Mlambe Mission Hospital,yes,Blantyre
Manja,Mlambe Mission Hospital,yes,Blantyre
Nansonjo,Mlambe Mission Hospital,yes,Blantyre
Chimwayi,Mlambe Mission Hospital,yes,Blantyre
Mlanga,Mpemba Health Centre,yes,Blantyre
Chilunduka,Mpemba Health Centre,yes,Blantyre
Kantukule,Mpemba Health Centre,yes,Blantyre
Linolo,Mpemba Health Centre,yes,Blantyre
Scot,Mpingo Maternity,yes,Blantyre
Chamba,Mpingo Maternity,yes,Blantyre
Mwambula,Mpingo Maternity,yes,Blantyre
MBUNI,Namikoko Health Centre,yes,Blantyre
Chibwana,Pensulo,yes,Blantyre
Chimwanga,Pensulo,yes,Blantyre
Maliro,Pensulo,yes,Blantyre
Malanga clinic,Soche Maternity,yes,Blantyre
Mtonda clinic,Soche Maternity,yes,Blantyre
Chipwepwete,Soche Maternity,yes,Blantyre
Chimala,Soche Maternity,yes,Blantyre
Chingota,Soche Maternity,yes,Blantyre
Khola,Soche Maternity,yes,Blantyre
Nasiyaya,Soche Maternity,yes,Blantyre
Makanyana,Soche Maternity,yes,Blantyre
Mbona,Soche Maternity,yes,Blantyre
Chipande,South Lunzu Health Center,yes,Blantyre
Sayere,South Lunzu Health Center,yes,Blantyre
Phoya,South Lunzu Health Center,yes,Blantyre
Chumbulu,South Lunzu Health Center,yes,Blantyre
Kansizi,South Lunzu Health Center,yes,Blantyre
Bondo,South Lunzu Health Center,yes,Blantyre
Daniel,South Lunzu Health Center,yes,Blantyre
Malunga,South Lunzu Health Center,yes,Blantyre
Masaka,South Lunzu Health Center,yes,Blantyre
Kapuchi,St Vincent Health Centre,yes,Blantyre
Kumwambe,St Vincent Health Centre,yes,Blantyre
Kumbendera,St Vincent Health Centre,yes,Blantyre
Matowa,St Vincent Health Centre,yes,Blantyre
Chikoja,St Vincent Health Centre,yes,Blantyre
Kumbokola,St Vincent Health Centre,yes,Blantyre
Mabala,St Vincent Health Centre,yes,Blantyre
Chunga,St Vincent Health Centre,yes,Blantyre
Juma,St Vincent Health Centre,yes,Blantyre
Jana,St Vincent Health Centre,yes,Blantyre
Ntonda,Zingwangwa Health Centre,yes,Blantyre
Kaliwawala,Area 18 Health Centre,yes,Lilongwe
Mwenda,Bunda College Clinic,yes,Lilongwe
Msako,CHIGODI,yes,Lilongwe
Selengo,CHIGODI,yes,Lilongwe
Mphonde,CHIGODI,yes,Lilongwe
Mkombero,CHIGODI,yes,Lilongwe
Dete,CHIGODI,yes,Lilongwe
Mwenda,Chadza Health Centre,yes,Lilongwe
Mnjolo,Chadza Health Centre,yes,Lilongwe
Kachitsa,Chadza Health Centre,yes,Lilongwe
Chamadenga,Chadza Health Centre,yes,Lilongwe
Nkhomo,Chadza Health Centre,yes,Lilongwe
Mwadzungu,Chadza Health Centre,yes,Lilongwe
Mabwera,Chikowa Health Centre,yes,Lilongwe
Kwerekwere,Chikowa Health Centre,yes,Lilongwe
Chembe,Chikowa Health Centre,yes,Lilongwe
Mtauka,Chikowa Health Centre,yes,Lilongwe
Manga,Chikowa Health Centre,yes,Lilongwe
Lisoka,Chikowa Health Centre,yes,Lilongwe
Mtsindo,Chikowa Health Centre,yes,Lilongwe
Nthondo,Chikowa Health Centre,yes,Lilongwe
Bondo,Chikowa Health Centre,yes,Lilongwe
Dama,Child Legacy Health Centre (Lilongwe),yes,Lilongwe
Chadza,Chileka Health Centre,yes,Lilongwe
Mseru,Chileka Health Centre,yes,Lilongwe
Chiipira,Chileka Health Centre,yes,Lilongwe
Masekese,Chileka Health Centre,yes,Lilongwe
Nkhwangwi,Chileka Health Centre,yes,Lilongwe
Mtali,Chileka Health Centre,yes,Lilongwe
Mbalame,Chilobwe/Majiga Health Centre,yes,Lilongwe
Katenje,Chilobwe/Majiga Health Centre,yes,Lilongwe
Mweratu,Chilobwe/Majiga Health Centre,yes,Lilongwe
Nsinde,Chilobwe/Majiga Health Centre,yes,Lilongwe
St. Dickson,Chilobwe/Majiga Health Centre,yes,Lilongwe
Chinganga,Chilobwe/Majiga Health Centre,yes,Lilongwe
Chilobwe,Chilobwe/Majiga Health Centre,yes,Lilongwe
Khuwi,Chimbalanga Health Centre,yes,Lilongwe
Mlamba,Chimbalanga Health Centre,yes,Lilongwe
Chowo,Chimbalanga Health Centre,yes,Lilongwe
Mphanda,Chimbalanga Health Centre,yes,Lilongwe
Chilu,Chimbalanga Health Centre,yes,Lilongwe
Santhe,Chimwala Clinic,yes,Lilongwe
Chalendewa,Chimwala Clinic,yes,Lilongwe
Chisiyo,Chimwala Clinic,yes,Lilongwe
Zapita,Chitedze Health Centre,yes,Lilongwe
Buluzi,Chitedze Health Centre,yes,Lilongwe
Kandere,Chitedze Health Centre,yes,Lilongwe
Chankhwima,Chitedze Health Centre,yes,Lilongwe
Zindo,Chitedze Health Centre,yes,Lilongwe
Mpingu,Chitedze Health Centre,yes,Lilongwe
Kuchata,Chitedze Health Centre,yes,Lilongwe
Mgwayi,Chitedze Health Centre,yes,Lilongwe
Chayera,Chitedze Health Centre,yes,Lilongwe
Kandiyani,Chitedze Health Centre,yes,Lilongwe
Njewa,Chitedze Health Centre,yes,Lilongwe
Nkhwangwi,Chitedze Health Centre,yes,Lilongwe
Ben,Chiunjiza Health Centre,yes,Lilongwe
Chewire,Chiunjiza Health Centre,yes,Lilongwe
Kampambanya,Chiunjiza Health Centre,yes,Lilongwe
Chigaga,Chiunjiza Health Centre,yes,Lilongwe
Chamkoma,Chiunjiza Health Centre,yes,Lilongwe
Kuphunda,Chiunjiza Health Centre,yes,Lilongwe
Mtenga,Chiunjiza Health Centre,yes,Lilongwe
Kambanizithe,Chiunjiza Health Centre,yes,Lilongwe
Kagandipenya,Chiunjiza Health Centre,yes,Lilongwe
Mwanzere,Chiwamba Health Centre,yes,Lilongwe
Chata,Chiwamba Health Centre,yes,Lilongwe
Kalinde,Chiwamba Health Centre,yes,Lilongwe
Kafundu,Chiwamba Health Centre,yes,Lilongwe
Mbununu,Chiwamba Health Centre,yes,Lilongwe
Salambula,Chiwamba Health Centre,yes,Lilongwe
Therezi,Chiwamba Health Centre,yes,Lilongwe
Chiwoko,Chiwamba Health Centre,yes,Lilongwe
Thunga,Chiwamba Health Centre,yes,Lilongwe
Masompha,Chiwamba Health Centre,yes,Lilongwe
Chinthangwa,Chiwamba Health Centre,yes,Lilongwe
Changombe,Chiwamba Health Centre,yes,Lilongwe
Maloanyama,Chiwamba Health Centre,yes,Lilongwe
Mchemani,Chiwamba Health Centre,yes,Lilongwe
Mphalabungu,Chiwoza Health Centre,yes,Lilongwe
Biwi,Chiwoza Health Centre,yes,Lilongwe
Chimutu,Chiwoza Health Centre,yes,Lilongwe
Mkwinda,Chiwoza Health Centre,yes,Lilongwe
Mlewa,Chiwoza Health Centre,yes,Lilongwe
Mazinga,Chiwoza Health Centre,yes,Lilongwe
Chalera,Chiwoza Health Centre,yes,Lilongwe
Mliwu,Chiwoza Health Centre,yes,Lilongwe
Namangwe,Daeyang Luke Hospital,yes,Lilongwe
Mataka,Daeyang Luke Hospital,yes,Lilongwe
Malikha,Daeyang Luke Hospital,yes,Lilongwe
Chimwandere,Daeyang Luke Hospital,yes,Lilongwe
Kangwanda,Daeyang Luke Hospital,yes,Lilongwe
Nyanga,Daeyang Luke Hospital,yes,Lilongwe
Mbalame,Daeyang Luke Hospital,yes,Lilongwe
Chapata,Daeyang Luke Hospital,yes,Lilongwe
Liwera,Daeyang Luke Hospital,yes,Lilongwe
Lipalama,Daeyang Luke Hospital,yes,Lilongwe
Mwadenje,Daeyang Luke Hospital,yes,Lilongwe
Mtupanyama,Daeyang Luke Hospital,yes,Lilongwe
Chimwasongwe,Daeyang Luke Hospital,yes,Lilongwe
Kalulumpikeni,Daeyang Luke Hospital,yes,Lilongwe
Khongo,Daeyang Luke Hospital,yes,Lilongwe
Chikho,Daeyang Luke Hospital,yes,Lilongwe
Mbuna,Diamphwe Health Centre,yes,Lilongwe
Diwa,Diamphwe Health Centre,yes,Lilongwe
Kanyenda,Diamphwe Health Centre,yes,Lilongwe
Chinziri,Diamphwe Health Centre,yes,Lilongwe
Mdzinga,Diamphwe Health Centre,yes,Lilongwe
Chikapula,Diamphwe Health Centre,yes,Lilongwe
Chikungwi,Diamphwe Health Centre,yes,Lilongwe
Chauwa,Diamphwe Health Centre,yes,Lilongwe
Khoko,Diamphwe Health Centre,yes,Lilongwe
Galanga,Diamphwe Health Centre,yes,Lilongwe
Chinthowa,Diamphwe Health Centre,yes,Lilongwe
Chikapaza,Diamphwe Health Centre,yes,Lilongwe
Kamwendo,Dickson Health Centre,yes,Lilongwe
Ngombe,Dickson Health Centre,yes,Lilongwe
Malama,Dickson Health Centre,yes,Lilongwe
Chizula,Dickson Health Centre,yes,Lilongwe
Kalesi,Dickson Health Centre,yes,Lilongwe
Mserera,Dickson Health Centre,yes,Lilongwe
Kamphoni,Dickson Health Centre,yes,Lilongwe
Laimon,Dickson Health Centre,yes,Lilongwe
Mamina,Dickson Health Centre,yes,Lilongwe
Chiphwanya,Katchale Health Centre,yes,Lilongwe
Chimphanga,Katchale Health Centre,yes,Lilongwe
Mdabwi,Katchale Health Centre,yes,Lilongwe
Nyamazani,Katchale Health Centre,yes,Lilongwe
Namikango,Katchale Health Centre,yes,Lilongwe
Tonde,Khongoni Health Centre,yes,Lilongwe
Katenthe,Khongoni Health Centre,yes,Lilongwe
Kalama,Khongoni Health Centre,yes,Lilongwe
Kakhungu,Khongoni Health Centre,yes,Lilongwe
Chimba,Khongoni Health Centre,yes,Lilongwe
Mtswati,Khongoni Health Centre,yes,Lilongwe
Madzonga,Khongoni Health Centre,yes,Lilongwe
Chatekambewe,Khongoni Health Centre,yes,Lilongwe
Phanda,Khongoni Health Centre,yes,Lilongwe
Dzama,Lemwe health centre,yes,Lilongwe
Kdzani,Lemwe health centre,yes,Lilongwe
Chiwete,Lemwe health centre,yes,Lilongwe
Nasala,Likuni Mission Hospital,yes,Lilongwe
Mnilo,Likuni Mission Hospital,yes,Lilongwe
Malili,Likuni Mission Hospital,yes,Lilongwe
Maziro,Likuni Mission Hospital,yes,Lilongwe
Nsonga,Likuni Mission Hospital,yes,Lilongwe
Kunthulu,Likuni Mission Hospital,yes,Lilongwe
Mwimba,Likuni Mission Hospital,yes,Lilongwe
Unit 6,Likuni Mission Hospital,yes,Lilongwe
Mgwata,Likuni Mission Hospital,yes,Lilongwe
Nachipi,Likuni Mission Hospital,yes,Lilongwe
Navumi,Lumbadzi Health Centre,yes,Lilongwe
Bowa,Lumbadzi Health Centre,yes,Lilongwe
Kamangila,Lumbadzi Health Centre,yes,Lilongwe
Chimpumbulu,Lumbadzi Health Centre,yes,Lilongwe
Miumbwira,Lumbadzi Health Centre,yes,Lilongwe
Mazanga,MILAMBA,yes,Lilongwe
Khongo,MILAMBA,yes,Lilongwe
Chatambalala,MILAMBA,yes,Lilongwe
Kwanji,MILAMBA,yes,Lilongwe
Chisambo,MILAMBA,yes,Lilongwe
Chawo,MILAMBA,yes,Lilongwe
Mphangwe,MILAMBA,yes,Lilongwe
Dzuwa,Malembo Health Centre (Lilongwe),yes,Lilongwe
Pathungo,Malembo Health Centre (Lilongwe),yes,Lilongwe
Sendwe/Kapangalika,Malembo Health Centre (Lilongwe),yes,Lilongwe
Kasoni,Malembo Health Centre (Lilongwe),yes,Lilongwe
Kaodzera,Malembo Health Centre (Lilongwe),yes,Lilongwe
Chazozoma,Malembo Health Centre (Lilongwe),yes,Lilongwe
Kawalika,Malembo Health Centre (Lilongwe),yes,Lilongwe
Chilima,Malembo Health Centre (Lilongwe),yes,Lilongwe
Mnkhadze,Malembo Health Centre (Lilongwe),yes,Lilongwe
Dzabwa,Malingunde Health Centre,yes,Lilongwe
Phirilanjuzi,Malingunde Health Centre,yes,Lilongwe
Mantchichi,Malingunde Health Centre,yes,Lilongwe
Mkoko,Malingunde Health Centre,yes,Lilongwe
Gowero,Malingunde Health Centre,yes,Lilongwe
Kachule,Malingunde Health Centre,yes,Lilongwe
Chapundima,Malingunde Health Centre,yes,Lilongwe
Mbowera,Malingunde Health Centre,yes,Lilongwe
Chaponda,Malingunde Health Centre,yes,Lilongwe
Chipeni,Maluwa Health Centre,yes,Lilongwe
Chidambayila,Maluwa Health Centre,yes,Lilongwe
Mantchintchi,Maluwa Health Centre,yes,Lilongwe
Tsekwere,Maluwa Health Centre,yes,Lilongwe
Nyama,Matapila Health Centre,yes,Lilongwe
Namulera,Matapila Health Centre,yes,Lilongwe
Tindi,Matapila Health Centre,yes,Lilongwe
Chinkhunzi,Matapila Health Centre,yes,Lilongwe
Kazizila,Matapila Health Centre,yes,Lilongwe
Nankumba,Mbabvi Health Centre,yes,Lilongwe
Nngongonda,Mbabvi Health Centre,yes,Lilongwe
Gogochalo,Mbwatalika Health Centre,yes,Lilongwe
Chadza 2,Mbwatalika Health Centre,yes,Lilongwe
Chioza,Mbwatalika Health Centre,yes,Lilongwe
Kombe,Mbwatalika Health Centre,yes,Lilongwe
Mphanzi,Mitundu Rural Hospital,yes,Lilongwe
Chimwala,Mitundu Rural Hospital,yes,Lilongwe
Balani,Mitundu Rural Hospital,yes,Lilongwe
Kaponda,Mitundu Rural Hospital,yes,Lilongwe
Msinja,Mlale Mission Hospital,yes,Lilongwe
Mpandanjovu,Mseche,yes,Lilongwe
Chitukula,Mseche,yes,Lilongwe
Kamkuzi,Mseche,yes,Lilongwe
Msambo,Mseche,yes,Lilongwe
Katete,Mseche,yes,Lilongwe
Bwese,NYANJA,yes,Lilongwe
Bisasi,NYANJA,yes,Lilongwe
Msandula,Nambuma Health Centre,yes,Lilongwe
Sanjiko,Nathenje Health Centre,yes,Lilongwe
Namakho,Nathenje Health Centre,yes,Lilongwe
Miteme,Nathenje Health Centre,yes,Lilongwe
Chibwata,Nathenje Health Centre,yes,Lilongwe
Mthangombe,Ndaula Health Centre,yes,Lilongwe
Kachere,Ndaula Health Centre,yes,Lilongwe
Kamphinda,Ndaula Health Centre,yes,Lilongwe
Chiputu,Ndaula Health Centre,yes,Lilongwe
Makhanyu,Ndaula Health Centre,yes,Lilongwe
Kampangile,Ndaula Health Centre,yes,Lilongwe
Thandaza,Ngoni Health Centre,yes,Lilongwe
Chikuyakuti,Ngoni Health Centre,yes,Lilongwe
Kafutwe,Ngoni Health Centre,yes,Lilongwe
Mnkhwanira,Ngoni Health Centre,yes,Lilongwe
Kholongo,Ngoni Health Centre,yes,Lilongwe
Bwatha,Ngoni Health Centre,yes,Lilongwe
Mtsukwa,Ngoni Health Centre,yes,Lilongwe
Mngwangwa,Ngoni Health Centre,yes,Lilongwe
Mkambwe,Ngoni Health Centre,yes,Lilongwe
Chipeni,Ngoni Health Centre,yes,Lilongwe
Mkwerera,Nguluwentowo,yes,Lilongwe
Mwenda,Nguluwentowo,yes,Lilongwe
Malama,Nguluwentowo,yes,Lilongwe
Tayiza,Nguluwentowo,yes,Lilongwe
Dandauleni,Nguluwentowo,yes,Lilongwe
Chilinda,Nguluwentowo,yes,Lilongwe
Mnele,Nkhoma Mission Hospital,yes,Lilongwe
Chimwalare,Nkhoma Mission Hospital,yes,Lilongwe
Malindi,Nkhoma Mission Hospital,yes,Lilongwe
Chikungu,Nkhoma Mission Hospital,yes,Lilongwe
Mpita,Nkhoma Mission Hospital,yes,Lilongwe
Dzuwa,Nkhoma Mission Hospital,yes,Lilongwe
Mvuma,Nkhoma Mission Hospital,yes,Lilongwe
Mchirawagalu,Nkhoma Mission Hospital,yes,Lilongwe
Mkhosi,Nkhoma Mission Hospital,yes,Lilongwe
Chigaga,Nkhoma Mission Hospital,yes,Lilongwe
Kalombodza,Nkhoma Mission Hospital,yes,Lilongwe
Wanje,Nkhoma Mission Hospital,yes,Lilongwe
Chamadenga,Nkhoma Mission Hospital,yes,Lilongwe
Mphinzi,Nkhoma Mission Hospital,yes,Lilongwe
Sinila,Nkhoma Mission Hospital,yes,Lilongwe
Kambadzo,Nkhoma Mission Hospital,yes,Lilongwe
Chigodi,Nkhoma Mission Hospital,yes,Lilongwe
Nanganga,Nkhoma Mission Hospital,yes,Lilongwe
Mtanda,Nkhoma Mission Hospital,yes,Lilongwe
Njuchi,Nkhoma Mission Hospital,yes,Lilongwe
Chithawale,Nsalu Health centre,yes,Lilongwe
Chimbayo,Nsalu Health centre,yes,Lilongwe
Chingalire,Nsalu Health centre,yes,Lilongwe
Chituwi,Nsalu Health centre,yes,Lilongwe
Chibungo,Nthondo Health centre,yes,Lilongwe
Ntchentche,Nthondo Health centre,yes,Lilongwe
Dambo,Nthondo Health centre,yes,Lilongwe
Chatsala,Nthondo Health centre,yes,Lilongwe
Chinkhoko,SAUZAWANA,yes,Lilongwe
Mtalicholero,SAUZAWANA,yes,Lilongwe
Chagamba,St. Chavala Health Centre,yes,Lilongwe
Buli,St. Chavala Health Centre,yes,Lilongwe
Mutu,St. Chavala Health Centre,yes,Lilongwe
Kapudzama,St. Gabriel Mission Hospital,yes,Lilongwe
Fisi,St. Gabriel Mission Hospital,yes,Lilongwe
Chikudzulire,St. Gabriel Mission Hospital,yes,Lilongwe
Mphetsankhuli,Ukwe Health Centre,yes,Lilongwe
Msanama,Ukwe Health Centre,yes,Lilongwe
Chiwoko,Ukwe Health Centre,yes,Lilongwe
Kankwenu,Ukwe Health Centre,yes,Lilongwe
Karonga,Ukwe Health Centre,yes,Lilongwe
Namadingo,Bimbi Health Centre,yes,Zomba
Lipholo,Bimbi Health Centre,yes,Zomba
Mkukumira,Bimbi Health Centre,yes,Zomba
Chitseko,Bimbi Health Centre,yes,Zomba
Mbwani,Bimbi Health Centre,yes,Zomba
Nsondole,Bimbi Health Centre,yes,Zomba
Chimwai,Bimbi Health Centre,yes,Zomba
Masaro,Bimbi Health Centre,yes,Zomba
Mphatama,Bimbi Health Centre,yes,Zomba
Bwanali,Bimbi Health Centre,yes,Zomba
Chirunga,Chancellor College,yes,Zomba
Maseso,Changalume Barracks,yes,Zomba
Nauma,Changalume Barracks,yes,Zomba
Chisutu vge clinic,Changalume Barracks,yes,Zomba
Mwangata,Chipini Rural Hospital,yes,Zomba
Nyaka,Chipini Rural Hospital,yes,Zomba
Adam,Chipini Rural Hospital,yes,Zomba
Gwaza,Chipini Rural Hospital,yes,Zomba
Nasambo,Chipini Rural Hospital,yes,Zomba
Balamanja,Chipini Rural Hospital,yes,Zomba
Mkwate,Chipini Rural Hospital,yes,Zomba
Mwinje,Chipini Rural Hospital,yes,Zomba
Kapalasa,Chipini Rural Hospital,yes,Zomba
Mwanafumu,Chuluchosema Health Centre,yes,Zomba
Chisuzi,Chuluchosema Health Centre,yes,Zomba
Chilope,Chuluchosema Health Centre,yes,Zomba
Mwenyali,Chuluchosema Health Centre,yes,Zomba
Chimbalanga,Chuluchosema Health Centre,yes,Zomba
Nsema,Chuluchosema Health Centre,yes,Zomba
Chikanda,City Clinic Zomba,yes,Zomba
Chilupsya,City Clinic Zomba,yes,Zomba
William,H Parker Sharp Health Centre,yes,Zomba
Chilasanje,H Parker Sharp Health Centre,yes,Zomba
Ndecha,H Parker Sharp Health Centre,yes,Zomba
Mdumu,H Parker Sharp Health Centre,yes,Zomba
Malonga,H Parker Sharp Health Centre,yes,Zomba
Katete,H Parker Sharp Health Centre,yes,Zomba
Malonje,Hope Medi Clinic,yes,Zomba
Kalimba,Hope Medi Clinic,yes,Zomba
MWANDAMA,Khanda Health Centre,yes,Zomba
MTUTUMA OUTREACH,Khanda Health Centre,yes,Zomba
ALAWE,Khanda Health Centre,yes,Zomba
NJALA,Khanda Health Centre,yes,Zomba
MWALUKA OUTREACH,Khanda Health Centre,yes,Zomba
MAULUKA OUTREACH,Khanda Health Centre,yes,Zomba
Chidyaonga,Lambulira Health Centre,yes,Zomba
Malunga,Lambulira Health Centre,yes,Zomba
Kuyipululu,Lambulira Health Centre,yes,Zomba
Chitwanga,Lambulira Health Centre,yes,Zomba
Samikwa,Lambulira Health Centre,yes,Zomba
Laso,Lambulira Health Centre,yes,Zomba
Maulama,Lambulira Health Centre,yes,Zomba
Milora,Lambulira Health Centre,yes,Zomba
Semani,Lambulira Health Centre,yes,Zomba
Michongwe,Lambulira Health Centre,yes,Zomba
Nachuma,Lambulira Health Centre,yes,Zomba
Chilonga,Machinjiri Health Centre,yes,Zomba
Chimbalanga,Machinjiri Health Centre,yes,Zomba
Chiunda,Machinjiri Health Centre,yes,Zomba
Mtanga,Machinjiri Health Centre,yes,Zomba
Mtwiche,Machinjiri Health Centre,yes,Zomba
Matindiri,Machinjiri Health Centre,yes,Zomba
Nambande,Maera Health Centre,yes,Zomba
Liti,Makwapala Health Centre,yes,Zomba
Chikabwereza,Makwapala Health Centre,yes,Zomba
Kalupe,Makwapala Health Centre,yes,Zomba
Nkagula,Makwapala Health Centre,yes,Zomba
Nkumbira,Makwapala Health Centre,yes,Zomba
Chidule,Makwapala Health Centre,yes,Zomba
Nsenda,Makwapala Health Centre,yes,Zomba
Matiti outreach,Matawale Health Centre,yes,Zomba
Chiphoola,Matawale Health Centre,yes,Zomba
Chibisa,Matawale Health Centre,yes,Zomba
Makumbanjira,Matawale Health Centre,yes,Zomba
Kavithiwa,Mayaka Health Centre,yes,Zomba
Gomani,Mayaka Health Centre,yes,Zomba
Saidikunama,Mayaka Health Centre,yes,Zomba
Mchenga,Mayaka Health Centre,yes,Zomba
Mwanyula,Mayaka Health Centre,yes,Zomba
Armiteche,Mayaka Health Centre,yes,Zomba
Kapende,Mayaka Health Centre,yes,Zomba
Mwembere,Mayaka Health Centre,yes,Zomba
Majawa,Mayaka Health Centre,yes,Zomba
Nswaswa,Mwandama Health Centre,yes,Zomba
Kunsiya,Mwandama Health Centre,yes,Zomba
Dindi,Mwandama Health Centre,yes,Zomba
St Agness,Mwandama Health Centre,yes,Zomba
Mambo,Mwandama Health Centre,yes,Zomba
Botomani,Mwandama Health Centre,yes,Zomba
Chiluwe,Naisi Health Centre,yes,Zomba
Mpokwa,Naisi Health Centre,yes,Zomba
Mkwate,Naisi Health Centre,yes,Zomba
Kapyepye,Naisi Health Centre,yes,Zomba
Chindenga,Naisi Health Centre,yes,Zomba
Binali,Naisi Health Centre,yes,Zomba
Matewere,Namasalima Health Centre,yes,Zomba
Issa,Namasalima Health Centre,yes,Zomba
Seveni,Namasalima Health Centre,yes,Zomba
Sanga,Namasalima Health Centre,yes,Zomba
Kalinde,Namasalima Health Centre,yes,Zomba
Nawata,Namasalima Health Centre,yes,Zomba
Nkuba,Namasalima Health Centre,yes,Zomba
Katanda,Namasalima Health Centre,yes,Zomba
Chikwekwe,Namikango,yes,Zomba
Majawa,Namikango,yes,Zomba
Chikapa,Namikango,yes,Zomba
Kabwere,Pirimiti Health Centre,yes,Zomba
"Ku,pasa",Pirimiti Health Centre,yes,Zomba
Khuvinda,Pirimiti Health Centre,yes,Zomba
Julius,Pirimiti Health Centre,yes,Zomba
Q,Pirimiti Health Centre,yes,Zomba
Kumisuku,Pirimiti Health Centre,yes,Zomba
Nthipera,Pirimiti Health Centre,yes,Zomba
Mapira,Pirimiti Health Centre,yes,Zomba
Godfrey,Pirimiti Health Centre,yes,Zomba
Lomoni,Pirimiti Health Centre,yes,Zomba
Jali,Pirimiti Health Centre,yes,Zomba
4 miles,Sadzi Health Centre,yes,Zomba
Matache,Sadzi Health Centre,yes,Zomba
Mpata,Sadzi Health Centre,yes,Zomba
Wood forest,Sadzi Health Centre,yes,Zomba
Chikumbeni,Sadzi Health Centre,yes,Zomba
Thundu,Sadzi Health Centre,yes,Zomba
3 miles,Sadzi Health Centre,yes,Zomba
NAMAKOKA,St. Robert,yes,Zomba
ANA MALAWI,St. Robert,yes,Zomba
SITIMA,St. Robert,yes,Zomba
CHILUNGA,St. Robert,yes,Zomba
BWANALI,St. Robert,yes,Zomba
NYALUGWE,St. Robert,yes,Zomba
NAMALITHA,St. Robert,yes,Zomba
Katete,Thondwe Dispensary,yes,Zomba
Kasenda,Thondwe Dispensary,yes,Zomba
Chimtali,Thondwe Dispensary,yes,Zomba
Gologota,Thondwe Dispensary,yes,Zomba
Sande,Thondwe Dispensary,yes,Zomba
Nsanama,Thondwe Dispensary,yes,Zomba
Mategula,Thondwe Dispensary,yes,Zomba
Mpotola,Thondwe Dispensary,yes,Zomba
